id,firstName,lastName,birthdate
2,RAYMOND,PACE,1977-12-11
3,ARMANDO,LOGAN,1986-12-25
6,AUDRA,HOPKINS,1984-08-30
7,UPTON,MORROW,1973-02-04
12,DUNCAN,CASTANEDA,1979-01-21
14,RHODA,LANCASTER,1990-09-11
15,FATIMA,COMBS,1979-06-01
16,MERRILL,HOPKINS,1990-07-02
18,HANAE,HARVEY,1984-12-27
20,KATELYN,HAMMOND,1988-11-12
21,ROSALYN,SIMON,1982-02-25
23,RAYMOND,KNOX,1979-07-16
24,HU,FRANKS,1988-12-17
27,SASHA,CAREY,1976-01-12
28,SARAH,MULLINS,1986-11-20
29,HAMMETT,BUCK,1982-06-01
31,DAQUAN,CRAIG,1977-06-17
33,ERICH,JOYCE,1974-10-27
36,ANJOLIE,GAY,1972-02-17
37,TANYA,CROSBY,1971-09-04
38,DACEY,HINTON,1989-07-26
40,DEREK,BUSH,1973-02-27
42,JORDEN,GILLIAM,1989-06-25
43,ARDEN,BUCKNER,1976-01-21
46,JIN,GREER,1978-11-03
48,SYLVIA,NIELSEN,1978-07-16
50,LYLE,LAWSON,1976-05-06
52,BRYNNE,MCDONALD,1977-12-24
53,AHMED,HOLT,1970-09-07
55,QUYNN,VILLARREAL,1972-07-21
56,ALTHEA,BLACK,1982-07-03
57,ELMO,ROWLAND,1979-07-25
59,KAITLIN,TRUJILLO,1985-01-17
60,STEWART,FREDERICK,1979-04-20
61,BLYTHE,PAYNE,1974-08-20
62,NYSSA,CHANG,1975-05-27
63,MARIAM,SANDERS,1985-03-26
65,MARSHALL,KIDD,1980-05-06
66,GIACOMO,TATE,1980-12-12
69,DOMINIC,HARMON,1976-12-16
73,ADDISON,KAUFMAN,1985-07-11
79,OLIVIA,MARSH,1975-10-09
82,SONIA,FIGUEROA,1976-01-17
83,EMERALD,BAXTER,1978-05-04
84,REED,COBB,1974-08-21
86,DENNIS,WRIGHT,1986-12-27
87,DECLAN,BUCK,1989-02-25
89,RASHAD,CURRY,1986-04-19
90,CARL,COCHRAN,1983-01-13
91,LEVI,MACK,1974-07-24
92,ELLA,MOONEY,1988-06-16
93,DARA,ANTHONY,1980-08-13
94,BENEDICT,PAUL,1977-09-24
96,PANDORA,LEE,1986-05-16
101,KYRA,MACIAS,1981-04-03
104,SONYA,NELSON,1970-06-27
107,JUSTINE,CARLSON,1982-12-16
108,DENNIS,MOLINA,1980-12-15
109,ADENA,ROSALES,1986-11-06
110,BURKE,MORRISON,1989-05-09
113,ARETHA,NORTON,1972-06-13
114,ZEPHANIA,CORTEZ,1969-05-22
115,ISHMAEL,WOLFE,1978-12-28
117,GARETH,MCKAY,1970-02-21
121,AVRAM,WALSH,1976-07-05
124,ARMANDO,TRAN,1987-11-13
126,ZEPHR,WARREN,1985-05-20
127,CLAYTON,THOMPSON,1980-11-09
128,CLARK,UNDERWOOD,1982-11-15
134,DAMON,WELLS,1988-07-19
135,MACAULAY,ODONNELL,1971-05-21
137,HANNAH,LEACH,1990-08-13
138,MIA,DOWNS,1988-06-09
140,IVOR,ELLIS,1987-12-08
144,HARRISON,RICH,1983-03-14
147,DALE,CONWAY,1976-07-06
150,GRAHAM,HESS,1981-08-21
151,STELLA,JOYCE,1987-09-09
154,ANN,PRESTON,1989-12-08
157,LILA,MIDDLETON,1985-01-25
158,VICTOR,FLYNN,1990-04-11
159,OPRAH,MARQUEZ,1987-10-31
160,ETHAN,CAREY,1977-05-13
161,PRICE,CERVANTES,1976-02-02
162,ELLIOTT,RICHMOND,1986-01-29
163,GREGORY,TAYLOR,1981-07-18
165,CODY,GUZMAN,1975-12-16
167,ARISTOTLE,MONTOYA,1983-10-05
169,LAURA,MURRAY,1989-06-02
170,ELIANA,MCGEE,1974-07-12
172,JACKSON,MAYO,1987-09-11
177,WANG,KOCH,1979-03-27
178,RIGEL,EDWARDS,1974-08-20
181,SCOTT,BRIDGES,1982-09-10
183,COLLEEN,FRYE,1973-04-07
184,KENDALL,HOPPER,1977-12-28
186,ISHMAEL,FORD,1980-01-06
187,GRAIDEN,HALL,1988-10-28
189,ZENA,SHEPHERD,1983-10-03
191,LILA,ROBINSON,1982-10-08
192,GARTH,FUENTES,1988-08-13
194,SHEA,BEAN,1990-01-03
200,ZOE,NELSON,1973-01-12
204,COLLEEN,TERRELL,1980-04-27
206,AVRAM,LEBLANC,1977-11-09
207,GRAY,GENTRY,1970-11-25
209,ULLA,STEWART,1988-12-13
211,CHAVA,FRANK,1972-04-10
212,JAMAL,COFFEY,1985-03-08
213,ABIGAIL,ODONNELL,1989-12-27
214,LAVINIA,HALL,1976-03-23
215,CLARK,BARRERA,1975-09-15
222,YURI,HOLMAN,1984-12-29
225,ELMO,WOLFE,1976-05-27
226,KEITH,CASH,1985-08-29
233,JENA,MATHIS,1974-06-02
238,ULYSSES,REEVES,1980-06-02
242,NEVE,MORIN,1989-06-28
244,ELLIOTT,GILLIAM,1979-05-18
248,EDAN,WILKINSON,1985-11-30
251,COLTON,HUBER,1988-08-06
255,IRA,WELCH,1978-10-16
257,WANDA,BERRY,1978-02-11
258,HANNAH,FOREMAN,1986-12-15
259,JESSICA,HART,1990-11-27
260,DAMON,PAYNE,1972-01-21
261,MADELINE,PITTS,1974-09-30
263,SCOTT,ALLEN,1983-11-29
265,ALLEN,ROWE,1989-11-04
266,GISELLE,GARRETT,1988-10-05
267,MARTHA,MACK,1976-08-12
270,GRANT,ANTHONY,1976-10-27
271,BELLE,LANDRY,1973-08-23
272,CAMERAN,GARZA,1973-05-16
273,UNITY,BLACK,1986-12-24
274,KAITLIN,HERMAN,1980-05-16
276,BRIAN,WHEELER,1990-03-14
281,ROSALYN,HART,1972-02-10
282,DONNA,MOSLEY,1985-10-18
283,SUKI,BARKER,1985-02-07
284,WILLOW,SMITH,1972-07-25
285,LEANDRA,PETERSEN,1978-06-24
286,ASPEN,LARSON,1973-09-28
287,MARTHA,IRWIN,1975-10-23
290,MARTENA,BRYAN,1987-12-29
291,QUYNN,JORDAN,1987-09-13
292,QUYNN,BRIDGES,1981-09-26
294,STACEY,WYNN,1971-05-13
295,NOBLE,FREEMAN,1978-01-07
296,CYRUS,GOMEZ,1981-09-18
299,CARISSA,MOONEY,1984-01-05
304,WHITNEY,TERRELL,1974-04-27
306,RHODA,KING,1984-09-30
308,PIPER,GRAY,1979-01-21
309,JORDEN,KIRK,1983-06-15
311,ZEPHR,ONEILL,1972-10-12
312,BARRY,MERCADO,1981-05-31
313,APRIL,VILLARREAL,1977-01-02
315,CATHLEEN,REED,1969-09-16
316,MARA,MAYNARD,1985-02-17
317,NELL,JACOBS,1977-08-09
321,BERNARD,ASHLEY,1989-09-07
323,ADENA,ELLIS,1980-01-12
325,ROSALYN,COTTON,1972-06-21
326,SLOANE,CURRY,1983-01-23
328,CATHERINE,CAIN,1989-01-08
329,JEROME,KING,1976-09-28
331,ANDREW,MOSLEY,1976-11-10
332,XYLA,SEARS,1986-10-19
333,NASIM,PECK,1979-12-04
337,ELTON,ADKINS,1977-04-22
342,LILLITH,ROSALES,1970-04-22
343,MURPHY,GLENN,1969-09-23
346,JADEN,GARDNER,1973-10-12
350,MACAULAY,ROWE,1977-03-13
351,SIERRA,LAWRENCE,1981-07-28
352,CHARLOTTE,TOWNSEND,1979-04-07
353,LILLIAN,BYERS,1987-09-09
354,AVA,RANDALL,1988-04-16
355,CALLY,KELLER,1971-11-08
356,GIACOMO,BRITT,1970-06-10
357,GABRIEL,WARNER,1969-12-05
358,SOLOMON,FOREMAN,1979-08-19
360,PHOEBE,HINTON,1985-07-15
362,HERMAN,CARPENTER,1981-09-03
363,CECILIA,ONEAL,1979-04-02
365,JONAS,PRATT,1973-06-02
367,RALPH,STEIN,1971-04-23
368,EVE,FREDERICK,1983-12-04
369,ODYSSEUS,HESS,1982-04-13
370,MECHELLE,RICHARD,1990-02-09
371,JESSE,TORRES,1989-06-11
372,MARTHA,MCLAUGHLIN,1982-06-17
375,MEREDITH,SIMON,1988-07-29
376,NEVADA,SHANNON,1980-04-22
378,XERXES,HERRING,1988-01-21
382,LINDA,LEE,1988-01-19
386,SAMSON,NICHOLSON,1989-02-12
387,JAEL,STUART,1977-02-10
391,KEEGAN,PRUITT,1976-04-23
394,FLYNN,WINTERS,1988-09-30
395,DARA,MORRISON,1979-12-22
396,IRA,WILKERSON,1973-03-06
397,ANGELA,WARD,1983-03-13
399,SANDRA,KAUFMAN,1980-04-17
400,AMELIA,OSBORN,1972-05-09
401,GEMMA,FINCH,1989-09-25
403,DONOVAN,BEASLEY,1986-06-18
404,DACEY,LEBLANC,1980-05-22
407,HADLEY,LANDRY,1978-12-13
410,ALVIN,JOHNSON,1988-07-24
414,AQUILA,THOMAS,1986-02-18
418,VERONICA,PERKINS,1977-08-27
419,DAVID,DAVIDSON,1972-04-08
421,DANIELLE,LUNA,1988-11-21
423,MICAH,GALLOWAY,1975-05-27
424,TAD,REYNOLDS,1987-09-10
425,TROY,DAVID,1985-01-26
428,WALTER,PUGH,1980-12-09
429,LUCIUS,BATTLE,1983-04-12
431,PRISCILLA,GREGORY,1986-10-26
432,JOSEPH,DICKERSON,1985-03-04
433,KELLIE,SLATER,1979-12-06
435,XANTHUS,RAYMOND,1976-01-21
437,KATO,SOSA,1987-10-21
440,KEVYN,ELLIS,1983-08-21
441,PALOMA,RIDDLE,1989-05-21
444,STEPHEN,SMITH,1982-11-17
446,CATHLEEN,MELENDEZ,1969-04-06
447,VAUGHAN,CUNNINGHAM,1970-06-13
448,GRACE,KANE,1979-06-01
449,EBONY,SWEET,1980-03-07
450,SCOTT,BURT,1975-12-15
451,BRITANNEY,LANCASTER,1979-07-19
454,CAILIN,CRAIG,1975-08-17
460,LUCIUS,HOLMES,1978-04-20
461,EVE,MCCONNELL,1981-08-08
462,DONOVAN,ODONNELL,1976-06-29
463,IDONA,ORTIZ,1972-08-14
464,MONA,CANTRELL,1970-06-19
466,BEAU,WEAVER,1977-07-23
467,WILLOW,SANTOS,1989-05-29
468,ALISA,JARVIS,1972-08-31
469,VERONICA,PATTERSON,1984-05-21
471,CLINTON,GAINES,1985-10-23
474,AXEL,MALONE,1988-08-15
475,REBECCA,RASMUSSEN,1990-09-14
476,MCKENZIE,ACOSTA,1972-04-02
477,RUSSELL,SAMPSON,1980-03-17
478,EMI,CAMERON,1970-01-25
479,MERRITT,SCOTT,1971-12-20
480,RAFAEL,TODD,1976-02-09
481,RONAN,POTTER,1988-10-13
483,DARYL,MCINTOSH,1980-07-01
486,XAVIERA,POOLE,1977-03-14
487,ALFONSO,KINNEY,1974-03-27
488,YOLANDA,WALLS,1985-01-04
489,UTA,WALLACE,1981-05-20
491,SYBIL,KIM,1983-05-19
492,NOMLANGA,MCCORMICK,1988-02-23
495,WESLEY,STOKES,1980-07-15
501,KELLY,ASHLEY,1987-05-13
503,JUSTINE,WARREN,1980-03-01
506,MIRANDA,BIRD,1986-11-01
507,LEILA,PEARSON,1982-09-04
508,WILLOW,DIXON,1969-07-09
509,JADE,GRAHAM,1981-06-04
511,QUAIL,ZIMMERMAN,1984-02-13
512,MARTENA,BRUCE,1983-04-30
515,WHOOPI,BATTLE,1984-11-03
516,DARRYL,MEJIA,1982-10-31
517,DOROTHY,SAWYER,1990-07-19
521,CEDRIC,CHRISTENSEN,1976-11-20
523,INA,BARTON,1970-06-03
524,KEIKO,SLOAN,1981-02-10
525,REESE,WHITEHEAD,1973-05-06
531,BARRETT,CONLEY,1989-08-09
532,SUSAN,VINSON,1981-01-24
535,YVONNE,ASHLEY,1972-03-04
538,WALTER,BENSON,1986-05-25
539,MARK,HOWE,1985-01-27
540,HAMMETT,HAMMOND,1990-04-05
541,ZENAIDA,RUTLEDGE,1986-02-18
542,RICHARD,KINNEY,1980-04-18
543,JOCELYN,SHEPHERD,1983-04-22
544,SACHA,FRANK,1982-05-16
546,BREE,COOPER,1981-07-11
550,REESE,MAYER,1988-08-04
551,VICTORIA,REYNOLDS,1972-12-31
552,UNITY,FLORES,1988-02-16
553,TATIANA,TANNER,1982-04-08
555,BRENT,MUNOZ,1986-01-25
556,JORDAN,SANCHEZ,1987-07-20
557,ARTHUR,WHITAKER,1990-04-18
558,DRISCOLL,SHEPARD,1980-10-04
559,DEIRDRE,BERG,1989-06-28
560,FREDERICKA,BUCKLEY,1987-03-06
562,OTTO,ROSE,1974-05-15
564,HIROKO,CALLAHAN,1972-05-16
566,TAYLOR,MALDONADO,1973-12-05
569,BRUNO,DICKSON,1975-04-26
570,SHELLEY,POLLARD,1987-12-23
574,ALLEN,ARNOLD,1970-09-05
575,WADE,VARGAS,1969-05-22
576,PALMER,PATE,1985-07-04
579,LEAH,DOUGLAS,1985-07-02
580,KIM,GRAHAM,1980-08-25
582,YAEL,NICHOLSON,1990-11-13
584,LAVINIA,ALVAREZ,1981-11-05
586,IVANA,BRADSHAW,1979-01-20
588,DEBORAH,MADDEN,1982-02-02
589,ANNE,MOSES,1985-10-30
590,BEVERLY,DUNN,1984-02-03
594,AMELIA,CHURCH,1990-08-04
598,AMBER,WORKMAN,1972-10-21
599,AZALIA,BRADSHAW,1982-12-19
600,ZELENIA,HENSON,1982-07-03
602,KEVYN,WHITNEY,1984-09-21
603,MARNY,LEON,1984-06-10
605,CHASTITY,WYATT,1975-08-14
607,MARTINA,VALENZUELA,1989-11-11
609,FLAVIA,CHEN,1976-01-24
610,SYDNEE,MARTINEZ,1979-01-22
613,CARLA,MEJIA,1983-09-26
615,MAITE,ELLISON,1989-11-20
616,ALAN,CURTIS,1972-10-21
617,KIONA,DONALDSON,1990-01-25
618,OCTAVIUS,HESTER,1990-07-19
619,YVONNE,DUDLEY,1977-12-19
621,SELMA,LUCAS,1982-01-23
622,BURTON,BARNETT,1979-08-08
623,KAITLIN,MALONE,1990-05-21
626,JOSHUA,MILLS,1974-04-02
627,ELIANA,DOWNS,1974-01-12
630,CEDRIC,PENNINGTON,1990-06-11
632,RHONA,STRICKLAND,1987-10-05
633,BEVERLY,SHARP,1987-05-26
634,CAILIN,KIM,1975-03-29
644,PATIENCE,DAWSON,1972-07-22
648,KATELL,SANDERS,1990-10-23
650,KESSIE,WALLER,1975-03-14
651,STEWART,MASON,1982-10-25
656,AVRAM,CHAMBERS,1989-01-21
658,KENNAN,SMALL,1986-08-20
660,ARMAND,MOON,1984-05-11
663,AURORA,VELEZ,1973-05-08
665,CADE,THOMAS,1984-12-11
670,JULIAN,JENSEN,1982-10-18
671,COLBY,ROGERS,1990-08-28
672,ALLEGRA,NEAL,1988-07-01
673,MELINDA,QUINN,1979-02-02
674,WAYNE,MENDEZ,1983-01-20
675,VIVIAN,MASSEY,1980-06-17
676,GARY,BERGER,1980-08-02
677,SETH,JENSEN,1970-12-22
681,VAUGHAN,FRAZIER,1972-08-27
684,NICHOLE,SCHMIDT,1986-12-22
686,TYLER,PIERCE,1969-03-06
687,BRANDEN,CARVER,1973-02-12
689,ARIEL,CRUZ,1973-04-05
690,THOR,SYKES,1976-10-31
691,QUINCY,GARZA,1985-07-15
692,WHILEMINA,CABRERA,1978-04-10
693,ZIA,DEAN,1981-09-09
695,FRANCIS,PATTON,1980-01-03
697,JOELLE,CRAIG,1981-02-19
698,CASTOR,HARRINGTON,1985-04-26
700,HALL,CLARKE,1987-01-29
701,WADE,MOORE,1970-09-06
702,JANA,BENNETT,1978-04-28
706,BYRON,FLORES,1977-03-07
707,SHAELEIGH,SCHROEDER,1978-12-26
708,NOELANI,WOODS,1981-12-26
710,QUON,FRANKLIN,1988-04-05
711,HEDWIG,WILEY,1977-09-08
713,LISANDRA,WEISS,1979-10-13
715,RHONDA,KENT,1979-11-23
716,MOANA,COTE,1981-03-13
717,ISADORA,WILSON,1980-08-13
718,SONIA,RAMSEY,1972-06-20
720,ASHER,BAILEY,1988-07-17
721,PRESCOTT,HOLCOMB,1976-12-21
723,XENOS,DAWSON,1979-09-14
725,LATIFAH,VINCENT,1987-07-03
726,AMENA,HARRISON,1972-06-22
732,BEVIS,SKINNER,1978-09-04
734,LYNN,MIDDLETON,1990-10-29
736,NOELANI,BRIDGES,1982-07-13
737,BRUNO,SHERMAN,1985-02-18
738,RISA,WEISS,1975-05-29
739,STACY,WYNN,1969-11-21
742,CASTOR,BALL,1974-07-19
743,BRADLEY,HURLEY,1985-11-13
744,CAMERAN,ROGERS,1985-04-27
745,HELEN,WOODS,1987-08-29
746,COOPER,EDWARDS,1971-03-11
747,ALEC,FINLEY,1980-02-08
748,KYLAN,ADAMS,1970-06-05
749,KELSEY,COFFEY,1970-03-30
750,WILLA,HOWARD,1987-04-19
751,SHEA,FERNANDEZ,1990-08-29
754,NORA,WALLACE,1978-10-10
757,GRADY,BARLOW,1978-03-28
758,PETRA,HORNE,1975-05-07
759,WESLEY,CLEMENTS,1982-02-12
760,ARSENIO,FROST,1979-09-23
764,CIARAN,PIERCE,1972-04-05
766,LANCE,COLLIER,1989-03-13
768,CHANCELLOR,MERRILL,1983-08-02
770,KARYN,HUMPHREY,1985-01-24
774,JOLIE,JIMENEZ,1988-08-01
775,NISSIM,GRAHAM,1978-03-04
780,MARTENA,BAIRD,1986-09-26
781,JULIE,MORGAN,1972-02-02
782,LESLIE,MCDANIEL,1974-07-31
787,DAQUAN,SHEPPARD,1979-07-02
788,CALISTA,BROWN,1986-08-26
789,PHOEBE,PAUL,1975-05-27
790,NEVE,PORTER,1971-09-30
791,GERALDINE,BURNS,1979-12-06
794,DORIAN,MURRAY,1969-09-24
795,AUTUMN,PATTERSON,1974-04-04
796,MAXWELL,MILES,1972-03-25
797,REESE,MAYNARD,1987-04-07
804,DILLON,KIRBY,1984-09-16
805,JARROD,MORRIS,1974-12-21
807,LUCAS,SHORT,1973-07-09
808,KARLY,BUCK,1986-07-08
809,JACQUELINE,ALEXANDER,1983-09-25
810,BROCK,NORRIS,1975-11-13
812,BUFFY,FREEMAN,1976-01-20
813,REED,HARDY,1986-12-05
814,OLIVIA,RIDDLE,1976-06-13
817,CAMILLA,COPELAND,1985-11-28
818,GLORIA,BERG,1969-12-10
821,DESIREE,MILLER,1979-12-02
825,GARETH,WEST,1986-01-29
826,VIELKA,BROWNING,1988-07-28
827,SEPTEMBER,NORTON,1983-11-08
828,LAVINIA,OLSEN,1986-01-03
829,STONE,HIGGINS,1970-03-12
830,LUCAS,TORRES,1981-03-26
832,NADINE,CANNON,1977-03-18
834,LOGAN,BREWER,1974-11-13
835,ELLA,CARSON,1978-03-16
836,ZIA,GAINES,1988-09-13
838,JEANETTE,GILL,1970-01-01
839,DANA,HICKMAN,1987-05-16
840,BARRETT,ERICKSON,1973-05-31
841,LEILANI,KELLEY,1978-10-31
843,GILLIAN,SANCHEZ,1969-11-13
844,BRYNNE,GUTIERREZ,1982-08-23
847,THADDEUS,OSBORN,1975-09-19
848,HERROD,NOBLE,1976-11-13
851,AIKO,MCGUIRE,1974-12-20
852,BURTON,JORDAN,1982-09-02
853,ASHELY,MORROW,1975-02-22
854,CHAIM,BURNETT,1971-04-12
857,NASIM,POWELL,1977-11-14
861,BRADY,GARRISON,1984-08-21
863,KALIA,KIDD,1987-06-23
865,DRISCOLL,COMBS,1969-12-06
867,DALE,MCBRIDE,1978-02-26
869,TYRONE,COMPTON,1986-10-03
872,SAGE,WYATT,1979-12-30
874,NISSIM,HANCOCK,1985-02-11
875,MALCOLM,HATFIELD,1970-10-12
876,SEBASTIAN,SHEPHERD,1984-05-26
877,HONORATO,ALLEN,1986-08-14
878,DOROTHY,ROSE,1976-06-14
879,QUINTESSA,LYONS,1982-10-05
880,DEACON,STEIN,1977-04-27
885,MYRA,MARTIN,1975-11-29
886,MEDGE,FORBES,1986-11-29
889,AIMEE,BROOKS,1978-04-09
890,HONORATO,NIEVES,1982-08-08
892,DANE,BOYER,1988-02-17
893,SUSAN,GLASS,1972-04-01
894,DEREK,MITCHELL,1969-06-02
895,ANGELA,PARKER,1972-09-23
896,HELEN,FUENTES,1983-12-07
898,CHASE,ONEIL,1987-02-02
900,OCEAN,LANE,1974-11-25
901,HARRIET,TERRELL,1977-05-05
902,ELEANOR,DUFFY,1983-04-02
903,ALIKA,ADKINS,1983-02-02
905,DECLAN,WALSH,1970-12-06
906,JACOB,MIRANDA,1976-09-03
907,KEATON,MURPHY,1970-08-08
908,KEEGAN,HARDING,1974-12-05
913,CAROL,POOLE,1983-09-26
915,MARVIN,NUNEZ,1980-06-15
918,DEVIN,KELLEY,1979-12-07
920,SHAFIRA,DICKSON,1986-07-09
921,AURORA,MELTON,1969-12-29
922,TIMOTHY,CUNNINGHAM,1969-12-10
928,BRADY,RIVERA,1973-03-30
929,EUGENIA,KNIGHT,1971-10-22
930,MACKENZIE,CLAYTON,1971-06-02
931,CLIO,DODSON,1981-03-04
932,WHITNEY,WITT,1972-10-22
934,ROBIN,CHEN,1973-04-29
937,NELLE,HUDSON,1982-10-05
941,ADRIAN,CURTIS,1984-11-14
947,SCARLET,GREENE,1972-08-19
948,URIEL,NAVARRO,1989-07-31
950,JARED,HARTMAN,1984-07-13
951,ISAAC,BAILEY,1970-08-13
952,SONYA,SAMPSON,1979-12-12
956,BRENDA,CHANG,1972-09-30
957,STEEL,BURRIS,1983-09-08
959,CAMERON,LITTLE,1990-12-05
960,HALEE,COPELAND,1976-07-03
961,CONNOR,CARDENAS,1985-12-09
962,ALANA,RATLIFF,1974-02-07
964,RHONDA,VARGAS,1983-04-11
965,CONNOR,RICHARD,1983-06-06
966,COURTNEY,CHAVEZ,1984-01-31
968,VIELKA,CHANDLER,1982-02-18
969,GAIL,MARKS,1986-07-11
970,COLE,VALENTINE,1973-06-11
971,KIBO,SMALL,1974-10-21
972,ASHTON,SHORT,1977-12-04
973,STONE,WHITE,1980-05-23
974,HILDA,VAZQUEZ,1987-11-10
976,AILEEN,MORIN,1979-06-11
977,LUKE,CHASE,1974-09-10
982,HARLAN,STRICKLAND,1971-07-01
984,AMIR,MYERS,1978-01-25
985,NOELANI,WARD,1990-08-23
986,MORGAN,CASTILLO,1978-05-31
988,BLAINE,PERKINS,1972-09-09
990,TANA,BARRON,1975-10-26
992,BRITANNI,MONROE,1982-06-01
993,KNOX,MEDINA,1980-08-28
994,KATHLEEN,WHEELER,1983-12-31
996,KITRA,MCKENZIE,1971-02-09
