firstName,lastName,birthdate
Stone,Barrett,1964-10-19 14:11:03
Raymond,Pace,1977-12-11 21:44:30
Armando,Logan,1986-12-25 11:54:28
Latifah,Barnett,1959-07-24 06:00:16
Cassandra,Moses,1956-09-14 06:49:28
Audra,Hopkins,1984-08-30 04:18:10
Upton,Morrow,1973-02-04 05:26:05
Melodie,Velasquez,1953-04-26 11:16:26
Sybill,Nolan,1951-06-24 14:56:51
Glenna,Little,1953-08-27 13:15:08
Ingrid,Jackson,1957-09-05 21:36:47
Duncan,Castaneda,1979-01-21 18:31:27
Xaviera,Gillespie,1965-07-18 15:05:22
Rhoda,Lancaster,1990-09-11 15:52:54
Fatima,Combs,1979-06-01 06:58:54
Merrill,Hopkins,1990-07-02 17:36:35
Felicia,Vinson,1959-12-19 20:23:12
Hanae,Harvey,1984-12-27 10:36:49
Ramona,Acosta,1962-06-23 20:03:40
Katelyn,Hammond,1988-11-12 19:05:13
Rosalyn,Simon,1982-02-25 09:30:10
Alea,Barron,1959-06-23 05:10:26
Raymond,Knox,1979-07-16 19:41:45
Hu,Franks,1988-12-17 15:30:12
Damon,Holman,1964-01-29 01:08:09
Ori,Nunez,1958-06-05 16:18:36
Sasha,Carey,1976-01-12 22:22:48
Sarah,Mullins,1986-11-20 04:25:19
Hammett,Buck,1982-06-01 10:46:06
Melissa,Parrish,1963-08-14 09:17:07
Daquan,Craig,1977-06-17 22:11:05
Keane,Rose,1958-09-23 07:34:00
Erich,Joyce,1974-10-27 05:59:08
Iliana,Atkinson,1967-01-28 16:12:45
Dawn,Fulton,1960-07-30 21:30:51
Anjolie,Gay,1972-02-17 17:51:22
Tanya,Crosby,1971-09-04 15:04:50
Dacey,Hinton,1989-07-26 12:19:37
Carl,Monroe,1957-10-12 00:15:06
Derek,Bush,1973-02-27 10:37:04
Lucian,Shannon,1954-06-29 18:27:13
Jorden,Gilliam,1989-06-25 04:19:23
Arden,Buckner,1976-01-21 03:48:16
Kenneth,Marquez,1954-07-30 04:41:12
Kitra,Becker,1952-07-26 19:03:51
Jin,Greer,1978-11-03 18:16:18
Jaden,Suarez,1956-02-29 06:45:43
Sylvia,Nielsen,1978-07-16 04:40:35
Mona,Osborn,1968-04-17 09:18:57
Lyle,Lawson,1976-05-06 21:51:44
Asher,Frazier,1958-11-17 05:06:45
Brynne,Mcdonald,1977-12-24 23:08:23
Ahmed,Holt,1970-09-07 12:19:58
Iola,Thornton,1961-04-23 21:57:28
Quynn,Villarreal,1972-07-21 21:12:55
Althea,Black,1982-07-03 15:01:48
Elmo,Rowland,1979-07-25 17:15:35
Remedios,Pollard,1962-07-03 12:36:42
Kaitlin,Trujillo,1985-01-17 22:26:35
Stewart,Frederick,1979-04-20 11:40:15
Blythe,Payne,1974-08-20 13:59:56
Nyssa,Chang,1975-05-27 20:02:43
Mariam,Sanders,1985-03-26 14:43:18
Orson,Mendez,1961-02-19 08:35:13
Marshall,Kidd,1980-05-06 04:26:29
Giacomo,Tate,1980-12-12 22:58:32
Mollie,Gilliam,1966-02-21 03:27:52
Holly,Paul,1966-11-12 10:26:34
Dominic,Harmon,1976-12-16 02:33:39
Rooney,Hopper,1956-06-21 23:05:16
Shay,Craft,1959-12-18 11:54:04
Nicholas,Melendez,1962-03-02 06:52:46
Addison,Kaufman,1985-07-11 23:35:08
Anastasia,Frederick,1955-06-05 11:14:18
Mary,Benson,1956-03-24 07:08:49
Garrett,Conner,1955-11-30 00:08:16
Kendall,Fitzgerald,1954-08-13 21:41:49
Juliet,Montoya,1964-11-01 05:08:32
Olivia,Marsh,1975-10-09 23:14:36
Daquan,Bennett,1956-12-25 22:39:03
Leroy,Sandoval,1963-02-08 04:45:16
Sonia,Figueroa,1976-01-17 18:33:14
Emerald,Baxter,1978-05-04 05:52:57
Reed,Cobb,1974-08-21 10:54:31
Bertha,Lowe,1952-09-23 02:59:40
Dennis,Wright,1986-12-27 22:56:13
Declan,Buck,1989-02-25 00:52:00
Latifah,Richardson,1952-03-27 18:58:36
Rashad,Curry,1986-04-19 05:55:16
Carl,Cochran,1983-01-13 00:11:10
Levi,Mack,1974-07-24 17:26:16
Ella,Mooney,1988-06-16 14:05:15
Dara,Anthony,1980-08-13 05:14:39
Benedict,Paul,1977-09-24 16:23:31
Benjamin,Booker,1962-08-10 22:39:30
Pandora,Lee,1986-05-16 04:25:14
Hall,Hester,1956-07-18 13:50:48
Piper,Marks,1964-09-10 19:19:48
Rafael,Roman,1962-01-24 22:13:42
Alfonso,Flores,1968-04-22 20:35:06
Kyra,Macias,1981-04-03 17:30:03
Erica,Berger,1965-07-19 18:21:57
Kaitlin,Ellis,1961-05-24 13:00:38
Sonya,Nelson,1970-06-27 15:10:05
Graiden,Wynn,1965-06-12 16:43:16
Amethyst,Nunez,1952-11-20 00:01:49
Justine,Carlson,1982-12-16 00:26:53
Dennis,Molina,1980-12-15 08:16:08
Adena,Rosales,1986-11-06 14:38:10
Burke,Morrison,1989-05-09 01:05:00
Macon,Galloway,1960-01-29 00:46:28
Todd,Greer,1952-09-29 10:48:45
Aretha,Norton,1972-06-13 09:20:58
Zephania,Cortez,1969-05-22 11:45:59
Ishmael,Wolfe,1978-12-28 16:16:59
Todd,Day,1953-10-12 20:13:00
Gareth,Mckay,1970-02-21 23:30:54
Amir,Vargas,1951-07-13 13:44:11
Darius,Baker,1954-11-26 23:32:23
Rajah,Wise,1960-05-07 08:38:16
Avram,Walsh,1976-07-05 17:49:08
Hilel,Nieves,1952-04-11 06:09:28
Veda,Higgins,1953-05-19 07:10:46
Armando,Tran,1987-11-13 14:59:36
Nichole,Rowe,1961-07-21 10:02:48
Zephr,Warren,1985-05-20 20:01:19
Clayton,Thompson,1980-11-09 03:05:25
Clark,Underwood,1982-11-15 01:53:07
Daniel,Swanson,1952-09-20 00:02:44
Kathleen,Shannon,1962-05-30 05:22:58
Priscilla,Martin,1952-10-28 21:23:10
Skyler,Adkins,1955-06-14 16:35:00
Erica,Logan,1955-11-03 17:55:53
Damon,Wells,1988-07-19 10:16:20
Macaulay,Odonnell,1971-05-21 23:55:52
Ruby,Wilcox,1956-04-09 07:47:36
Hannah,Leach,1990-08-13 09:14:19
Mia,Downs,1988-06-09 14:55:45
Erasmus,Arnold,1957-10-08 23:44:56
Ivor,Ellis,1987-12-08 02:57:24
Ulla,Warren,1956-01-28 18:06:57
Meredith,Mcpherson,1956-03-29 01:00:41
Sebastian,Raymond,1967-02-13 04:45:27
Harrison,Rich,1983-03-14 00:18:16
Carissa,Huff,1953-06-21 07:58:10
Hedy,Campbell,1957-04-25 09:37:13
Dale,Conway,1976-07-06 04:31:00
Stella,Lloyd,1961-08-08 00:18:03
Jaden,Fisher,1958-05-25 11:37:28
Graham,Hess,1981-08-21 15:21:00
Stella,Joyce,1987-09-09 11:09:37
Aurora,Bridges,1959-08-06 13:10:04
Joelle,Church,1951-11-16 22:32:33
Ann,Preston,1989-12-08 07:15:43
Yuri,Crawford,1961-07-21 11:52:57
Tyler,Gibbs,1967-07-27 02:18:40
Lila,Middleton,1985-01-25 11:53:03
Victor,Flynn,1990-04-11 11:20:05
Oprah,Marquez,1987-10-31 00:31:23
Ethan,Carey,1977-05-13 10:58:23
Price,Cervantes,1976-02-02 09:18:28
Elliott,Richmond,1986-01-29 09:33:37
Gregory,Taylor,1981-07-18 12:50:32
Dakota,Copeland,1962-11-13 16:22:40
Cody,Guzman,1975-12-16 16:50:10
Arden,Bass,1961-09-05 21:53:30
Aristotle,Montoya,1983-10-05 16:50:44
Vladimir,Ewing,1966-04-28 09:16:34
Laura,Murray,1989-06-02 02:46:39
Eliana,Mcgee,1974-07-12 10:08:29
Tanisha,Obrien,1959-03-15 12:59:26
Jackson,Mayo,1987-09-11 06:56:22
Maxwell,Sargent,1959-09-06 14:31:06
Teagan,Kent,1967-03-17 19:03:23
Lev,Hernandez,1957-04-26 23:12:26
Lars,Carr,1953-11-01 07:29:53
Wang,Koch,1979-03-27 12:19:23
Rigel,Edwards,1974-08-20 01:55:03
Olga,Flores,1967-06-13 04:07:08
Laura,Owen,1953-11-20 04:34:25
Scott,Bridges,1982-09-10 19:45:43
Bevis,Gentry,1961-09-19 02:09:10
Colleen,Frye,1973-04-07 12:54:19
Kendall,Hopper,1977-12-28 18:49:26
Uriah,Kennedy,1955-07-17 17:19:34
Ishmael,Ford,1980-01-06 05:52:44
Graiden,Hall,1988-10-28 06:10:37
Galvin,Nunez,1968-04-29 11:29:12
Zena,Shepherd,1983-10-03 17:53:18
Azalia,Preston,1964-07-04 10:48:18
Lila,Robinson,1982-10-08 12:26:17
Garth,Fuentes,1988-08-13 18:07:09
Emery,Kim,1967-06-17 05:39:46
Shea,Bean,1990-01-03 05:46:30
Logan,Mcclure,1967-10-16 08:22:50
Olympia,Espinoza,1967-05-17 11:39:32
Louis,William,1967-06-08 00:04:19
Dylan,Fulton,1962-05-30 13:48:38
Raphael,Armstrong,1956-11-26 21:32:17
Zoe,Nelson,1973-01-12 17:19:30
Vivian,Love,1951-10-31 08:57:08
Charde,Lang,1967-02-23 12:24:26
Jason,Powell,1963-12-08 02:21:02
Colleen,Terrell,1980-04-27 07:30:11
Cullen,Cardenas,1966-02-13 19:55:40
Avram,Leblanc,1977-11-09 12:33:25
Gray,Gentry,1970-11-25 03:25:56
Nehru,Brock,1966-10-13 02:42:31
Ulla,Stewart,1988-12-13 13:23:22
Azalia,Hines,1954-09-19 06:32:44
Chava,Frank,1972-04-10 17:09:23
Jamal,Coffey,1985-03-08 09:36:59
Abigail,Odonnell,1989-12-27 06:08:38
Lavinia,Hall,1976-03-23 14:34:07
Clark,Barrera,1975-09-15 23:24:46
Kennan,Donaldson,1958-07-08 17:24:49
Allegra,Rose,1967-10-17 15:32:47
Carson,Downs,1955-06-13 13:29:17
Carla,Owen,1968-09-04 07:54:03
Kenyon,Cox,1955-05-04 18:24:57
Brynne,Hull,1951-07-23 17:34:03
Yuri,Holman,1984-12-29 07:09:47
Lareina,Robinson,1966-03-16 11:35:29
Rylee,Pena,1954-10-07 01:07:22
Elmo,Wolfe,1976-05-27 20:34:14
Keith,Cash,1985-08-29 20:11:21
Deanna,Kelley,1955-05-28 22:38:55
Lane,Dickson,1951-03-11 10:33:12
Nicole,Avila,1964-11-29 16:03:47
Slade,Rodriquez,1961-07-12 20:50:48
Avye,Mills,1956-07-28 05:11:16
Colt,Calderon,1956-04-22 13:04:43
Jena,Mathis,1974-06-02 22:02:28
Uriel,Harris,1954-12-21 05:53:26
Keane,Hayden,1960-10-20 19:07:52
Leah,Peters,1951-12-10 08:56:11
Sydnee,Ferguson,1958-07-08 00:41:40
Ulysses,Reeves,1980-06-02 16:14:35
Sharon,Golden,1951-04-01 17:30:37
Frances,Sheppard,1952-01-23 22:19:35
Sierra,York,1952-12-11 00:22:12
Neve,Morin,1989-06-28 16:33:49
Darrel,Rowe,1952-08-12 12:23:04
Elliott,Gilliam,1979-05-18 05:19:54
Quin,Boyer,1954-10-19 09:39:00
September,Santana,1954-10-02 01:41:13
Carol,Church,1952-08-01 08:00:48
Edan,Wilkinson,1985-11-30 08:37:11
Jenna,Mcdowell,1951-10-26 01:14:30
Zahir,Hurley,1966-08-26 19:21:07
Colton,Huber,1988-08-06 19:24:53
Sean,Estrada,1956-01-25 03:20:08
Hedwig,Stokes,1954-09-24 22:21:57
Graiden,Mcguire,1964-01-19 12:56:12
Ira,Welch,1978-10-16 02:26:43
MacKenzie,Campos,1964-06-04 11:56:09
Wanda,Berry,1978-02-11 06:20:55
Hannah,Foreman,1986-12-15 23:08:51
Jessica,Hart,1990-11-27 19:22:31
Damon,Payne,1972-01-21 20:24:31
Madeline,Pitts,1974-09-30 01:16:49
Sybil,Walsh,1960-01-18 16:50:01
Scott,Allen,1983-11-29 10:45:58
Linda,Conley,1959-09-12 07:34:56
Allen,Rowe,1989-11-04 01:35:41
Giselle,Garrett,1988-10-05 10:35:12
Martha,Mack,1976-08-12 22:11:24
Lila,Fitzpatrick,1963-06-03 03:12:42
Ivana,Farley,1957-12-28 21:24:26
Grant,Anthony,1976-10-27 01:22:17
Belle,Landry,1973-08-23 13:01:49
Cameran,Garza,1973-05-16 13:57:24
Unity,Black,1986-12-24 01:47:52
Kaitlin,Herman,1980-05-16 00:46:17
Joel,Ware,1954-11-09 20:54:57
Brian,Wheeler,1990-03-14 23:56:23
Ocean,Pearson,1959-01-29 11:48:56
Imani,Sweeney,1963-10-26 19:36:13
Celeste,Spears,1952-06-03 10:34:33
Kirby,Barnes,1964-09-25 05:29:36
Rosalyn,Hart,1972-02-10 12:50:06
Donna,Mosley,1985-10-18 03:54:41
Suki,Barker,1985-02-07 17:47:22
Willow,Smith,1972-07-25 00:51:44
Leandra,Petersen,1978-06-24 10:51:52
Aspen,Larson,1973-09-28 00:11:08
Martha,Irwin,1975-10-23 19:10:44
Alexa,Castillo,1957-01-21 20:16:32
Halla,Mccoy,1966-02-08 00:21:57
Martena,Bryan,1987-12-29 15:29:37
Quynn,Jordan,1987-09-13 05:25:46
Quynn,Bridges,1981-09-26 14:21:19
Joshua,Bolton,1953-06-21 12:18:29
Stacey,Wynn,1971-05-13 20:01:47
Noble,Freeman,1978-01-07 00:27:02
Cyrus,Gomez,1981-09-18 09:03:13
Tyler,Burch,1951-01-19 19:49:06
Adrienne,Chapman,1962-04-04 11:31:38
Carissa,Mooney,1984-01-05 16:59:37
Christopher,Howe,1960-11-21 16:01:06
Clark,Gardner,1966-12-18 03:29:57
Dean,Cook,1968-01-04 20:14:44
Coby,Stevens,1953-12-19 22:21:06
Whitney,Terrell,1974-04-27 16:45:04
Yoshi,Strickland,1957-02-20 22:57:27
Rhoda,King,1984-09-30 00:44:28
Cheyenne,Avila,1953-10-13 17:24:26
Piper,Gray,1979-01-21 05:58:26
Jorden,Kirk,1983-06-15 07:05:48
Hilary,Robbins,1958-06-11 06:12:07
Zephr,Oneill,1972-10-12 19:15:46
Barry,Mercado,1981-05-31 03:36:41
April,Villarreal,1977-01-02 07:31:28
Kaseem,Blanchard,1955-04-22 02:56:15
Cathleen,Reed,1969-09-16 08:45:16
Mara,Maynard,1985-02-17 00:08:55
Nell,Jacobs,1977-08-09 17:59:36
Preston,Bass,1956-02-22 12:08:48
Mohammad,Robertson,1952-05-18 02:47:41
Rhiannon,Witt,1956-03-09 10:59:08
Bernard,Ashley,1989-09-07 05:29:50
Cole,Atkinson,1958-03-11 21:30:07
Adena,Ellis,1980-01-12 07:39:37
Carter,Whitley,1968-08-07 16:47:53
Rosalyn,Cotton,1972-06-21 07:21:34
Sloane,Curry,1983-01-23 01:32:41
Garrison,Moore,1960-02-13 21:42:41
Catherine,Cain,1989-01-08 10:45:59
Jerome,King,1976-09-28 04:54:04
Jared,Roberts,1960-04-24 09:06:20
Andrew,Mosley,1976-11-10 03:57:54
Xyla,Sears,1986-10-19 04:58:07
Nasim,Peck,1979-12-04 17:46:52
Walter,Fry,1961-12-31 16:02:59
Tatum,Blevins,1964-10-05 13:19:13
Elijah,Burgess,1963-03-22 00:13:52
Elton,Adkins,1977-04-22 12:32:34
Kenneth,Welch,1962-06-17 14:01:37
Florence,Mejia,1955-08-12 01:30:19
Arden,Moody,1959-08-09 16:54:11
Zenia,Rollins,1968-12-13 21:07:01
Lillith,Rosales,1970-04-22 03:59:07
Murphy,Glenn,1969-09-23 01:50:44
Caldwell,Gates,1961-12-23 10:52:31
Charles,Melendez,1951-01-13 15:55:05
Jaden,Gardner,1973-10-12 10:34:15
Oleg,Wilkins,1956-01-15 11:44:42
Charles,Mcgowan,1951-01-09 09:18:32
Whitney,Gould,1961-05-25 07:49:19
Macaulay,Rowe,1977-03-13 08:36:27
Sierra,Lawrence,1981-07-28 03:27:15
Charlotte,Townsend,1979-04-07 18:56:06
Lillian,Byers,1987-09-09 18:46:21
Ava,Randall,1988-04-16 07:39:23
Cally,Keller,1971-11-08 22:27:52
Giacomo,Britt,1970-06-10 06:07:17
Gabriel,Warner,1969-12-05 09:06:56
Solomon,Foreman,1979-08-19 13:04:18
Hermione,Gallagher,1958-04-22 14:27:23
Phoebe,Hinton,1985-07-15 21:29:41
Keiko,Dennis,1953-12-20 11:09:34
Herman,Carpenter,1981-09-03 19:11:02
Cecilia,Oneal,1979-04-02 05:09:03
Gwendolyn,Alford,1963-11-02 19:49:57
Jonas,Pratt,1973-06-02 18:22:15
Whitney,Newton,1961-02-01 04:19:55
Ralph,Stein,1971-04-23 01:44:55
Eve,Frederick,1983-12-04 11:02:57
Odysseus,Hess,1982-04-13 19:04:32
Mechelle,Richard,1990-02-09 22:49:39
Jesse,Torres,1989-06-11 11:23:58
Martha,Mclaughlin,1982-06-17 17:24:09
Emerald,Haynes,1957-03-07 13:18:33
Rigel,Barton,1964-11-13 08:47:17
Meredith,Simon,1988-07-29 18:53:04
Nevada,Shannon,1980-04-22 14:33:22
Casey,Delgado,1957-11-17 17:15:04
Xerxes,Herring,1988-01-21 01:20:06
Penelope,Blackburn,1959-02-28 14:34:39
Rooney,Swanson,1963-09-15 16:47:17
Lamar,Ramirez,1964-09-03 08:55:31
Linda,Lee,1988-01-19 23:00:53
Hanae,Johnson,1952-06-21 01:03:52
Zane,Long,1964-11-16 15:41:48
Aspen,Potter,1960-10-11 11:53:24
Samson,Nicholson,1989-02-12 12:15:16
Jael,Stuart,1977-02-10 12:59:27
Marny,Summers,1959-02-08 08:38:01
Lael,Schwartz,1956-02-06 19:49:59
Blythe,Baldwin,1961-08-09 07:09:04
Keegan,Pruitt,1976-04-23 19:51:06
Nathan,Patterson,1967-01-27 01:04:31
Garth,Calderon,1961-04-12 00:28:56
Flynn,Winters,1988-09-30 04:04:02
Dara,Morrison,1979-12-22 22:26:24
Ira,Wilkerson,1973-03-06 19:18:13
Angela,Ward,1983-03-13 14:52:49
Wilma,Collier,1960-06-20 13:22:48
Sandra,Kaufman,1980-04-17 03:54:51
Amelia,Osborn,1972-05-09 09:21:22
Gemma,Finch,1989-09-25 23:00:59
Orli,Slater,1959-03-30 15:54:32
Donovan,Beasley,1986-06-18 14:50:30
Dacey,Leblanc,1980-05-22 06:13:23
Rebekah,Edwards,1961-12-24 14:30:02
George,Reeves,1965-12-14 18:49:46
Hadley,Landry,1978-12-13 14:29:28
Cameran,Acevedo,1957-10-18 19:29:52
Ignacia,Medina,1953-03-26 20:13:42
Alvin,Johnson,1988-07-24 23:41:50
Aurora,Lucas,1966-04-22 05:30:25
Gretchen,Norman,1968-12-04 18:40:11
Inga,Roy,1959-10-16 07:56:02
Aquila,Thomas,1986-02-18 21:28:08
Boris,Boyd,1959-01-27 00:42:43
Channing,Petersen,1953-01-09 20:16:43
Wyoming,Meadows,1960-11-29 13:32:53
Veronica,Perkins,1977-08-27 19:25:27
David,Davidson,1972-04-08 17:03:55
Lillian,Carpenter,1956-12-10 07:16:33
Danielle,Luna,1988-11-21 07:00:47
Mia,Douglas,1962-02-15 08:04:10
Micah,Galloway,1975-05-27 01:19:24
Tad,Reynolds,1987-09-10 23:35:17
Troy,David,1985-01-26 00:52:19
Ila,Ashley,1960-08-27 13:46:59
Kelly,Meadows,1965-01-02 10:04:16
Walter,Pugh,1980-12-09 20:58:19
Lucius,Battle,1983-04-12 20:04:01
Florence,Stark,1963-06-19 14:35:06
Priscilla,Gregory,1986-10-26 03:49:37
Joseph,Dickerson,1985-03-04 05:19:24
Kellie,Slater,1979-12-06 20:39:12
Hayden,Olson,1963-12-01 07:50:37
Xanthus,Raymond,1976-01-21 07:51:13
Shannon,Lynn,1967-06-17 18:12:35
Kato,Sosa,1987-10-21 10:51:05
Molly,Juarez,1959-11-29 09:38:01
Hermione,Buchanan,1953-11-20 00:21:29
Kevyn,Ellis,1983-08-21 10:46:02
Paloma,Riddle,1989-05-21 20:41:46
Tiger,Gallegos,1952-05-11 21:51:09
Willow,Morgan,1966-04-28 08:55:54
Stephen,Smith,1982-11-17 06:17:52
Curran,Mueller,1962-07-09 17:40:14
Cathleen,Melendez,1969-04-06 05:09:41
Vaughan,Cunningham,1970-06-13 15:31:34
Grace,Kane,1979-06-01 18:41:44
Ebony,Sweet,1980-03-07 20:43:28
Scott,Burt,1975-12-15 23:57:49
Britanney,Lancaster,1979-07-19 11:46:05
Lane,Christensen,1964-09-17 14:14:35
Hyacinth,Orr,1959-05-07 03:50:27
Cailin,Craig,1975-08-17 16:07:13
Craig,Dean,1966-04-01 08:24:21
Julian,Lee,1951-08-16 08:28:28
Yoko,Burt,1961-02-08 23:25:24
Aurora,Zamora,1953-05-31 01:54:22
Ulric,Lee,1959-02-09 08:14:41
Lucius,Holmes,1978-04-20 00:41:41
Eve,Mcconnell,1981-08-08 06:42:09
Donovan,Odonnell,1976-06-29 01:18:08
Idona,Ortiz,1972-08-14 00:19:55
Mona,Cantrell,1970-06-19 17:59:29
Dennis,Gregory,1968-11-08 11:54:26
Beau,Weaver,1977-07-23 08:10:34
Willow,Santos,1989-05-29 21:41:53
Alisa,Jarvis,1972-08-31 20:37:09
Veronica,Patterson,1984-05-21 06:24:19
Martin,Sosa,1959-03-23 17:42:14
Clinton,Gaines,1985-10-23 16:49:18
Darryl,Madden,1955-11-27 23:50:30
Len,Morse,1968-11-15 02:29:27
Axel,Malone,1988-08-15 01:13:43
Rebecca,Rasmussen,1990-09-14 08:46:56
McKenzie,Acosta,1972-04-02 07:24:09
Russell,Sampson,1980-03-17 13:48:11
Emi,Cameron,1970-01-25 13:09:55
Merritt,Scott,1971-12-20 20:10:02
Rafael,Todd,1976-02-09 11:41:17
Ronan,Potter,1988-10-13 20:46:47
Jerome,Adams,1965-03-23 22:41:29
Daryl,Mcintosh,1980-07-01 07:22:08
Zoe,Johnson,1965-08-14 15:51:48
Cyrus,Fulton,1962-04-26 23:22:33
Xaviera,Poole,1977-03-14 07:16:03
Alfonso,Kinney,1974-03-27 12:18:08
Yolanda,Walls,1985-01-04 23:51:12
Uta,Wallace,1981-05-20 12:03:02
Alexis,Foster,1967-01-18 09:15:10
Sybil,Kim,1983-05-19 02:06:27
Nomlanga,Mccormick,1988-02-23 09:59:39
Marshall,Bray,1958-08-16 00:34:12
Uriah,Cole,1965-02-18 05:15:17
Wesley,Stokes,1980-07-15 11:00:43
Kennedy,Payne,1956-02-18 10:51:08
April,Gibbs,1965-10-14 04:00:45
Alec,Mccarthy,1968-10-06 14:55:37
Philip,Koch,1967-07-04 22:59:44
Reuben,Simmons,1956-09-20 14:09:53
Kelly,Ashley,1987-05-13 17:33:16
Chadwick,Salazar,1963-05-11 15:00:20
Justine,Warren,1980-03-01 08:16:53
Elizabeth,Meyer,1960-02-20 09:49:22
Elvis,Berger,1968-03-22 14:43:50
Miranda,Bird,1986-11-01 16:11:50
Leila,Pearson,1982-09-04 03:46:12
Willow,Dixon,1969-07-09 06:00:25
Jade,Graham,1981-06-04 22:52:11
Abigail,Sexton,1968-12-20 02:09:10
Quail,Zimmerman,1984-02-13 08:03:55
Martena,Bruce,1983-04-30 21:07:32
Moses,Boyer,1968-12-02 15:47:14
Meghan,Zamora,1961-07-10 06:20:59
Whoopi,Battle,1984-11-03 17:24:46
Darryl,Mejia,1982-10-31 18:06:13
Dorothy,Sawyer,1990-07-19 08:09:59
Ashton,Bond,1960-03-03 08:41:54
Cassandra,Mcmillan,1957-09-21 19:49:26
Martin,Rios,1958-01-03 18:40:39
Cedric,Christensen,1976-11-20 10:20:49
Marny,Coleman,1966-05-07 18:01:59
Ina,Barton,1970-06-03 15:14:48
Keiko,Sloan,1981-02-10 21:54:56
Reese,Whitehead,1973-05-06 02:38:37
Dana,Vang,1958-04-30 13:14:10
Nathaniel,Stevens,1963-10-30 07:24:30
Lucius,Wells,1961-01-18 12:54:15
Glenna,Boyer,1954-03-30 01:12:50
Finn,Short,1964-08-30 03:07:19
Barrett,Conley,1989-08-09 13:42:20
Susan,Vinson,1981-01-24 04:41:58
Carly,Riley,1961-11-22 14:55:33
Hilel,Dudley,1961-08-26 20:40:45
Yvonne,Ashley,1972-03-04 23:55:31
Karina,Berg,1961-03-25 04:58:05
Shana,Huber,1952-09-30 06:15:40
Walter,Benson,1986-05-25 08:46:17
Mark,Howe,1985-01-27 14:15:22
Hammett,Hammond,1990-04-05 11:31:37
Zenaida,Rutledge,1986-02-18 03:00:40
Richard,Kinney,1980-04-18 02:50:30
Jocelyn,Shepherd,1983-04-22 05:01:28
Sacha,Frank,1982-05-16 14:12:38
Sloane,Walton,1958-04-22 01:19:28
Bree,Cooper,1981-07-11 10:17:47
Yoshio,Alvarado,1968-11-27 16:51:55
Lamar,Knight,1962-12-26 08:24:23
Kirestin,Mayer,1961-03-20 10:17:30
Reese,Mayer,1988-08-04 14:04:45
Victoria,Reynolds,1972-12-31 19:50:41
Unity,Flores,1988-02-16 00:14:21
Tatiana,Tanner,1982-04-08 05:56:32
Emily,Estes,1963-11-05 20:45:53
Brent,Munoz,1986-01-25 18:41:33
Jordan,Sanchez,1987-07-20 21:51:53
Arthur,Whitaker,1990-04-18 06:31:27
Driscoll,Shepard,1980-10-04 03:39:04
Deirdre,Berg,1989-06-28 02:37:25
Fredericka,Buckley,1987-03-06 11:40:09
Katelyn,Cooke,1957-02-06 00:05:35
Otto,Rose,1974-05-15 03:45:57
Jaime,Zimmerman,1960-04-23 09:31:56
Hiroko,Callahan,1972-05-16 17:33:42
Allen,Acosta,1968-09-22 09:31:06
Taylor,Maldonado,1973-12-05 04:37:36
Kareem,Bowen,1968-05-06 06:06:15
Jonah,Hayden,1951-05-18 11:04:07
Bruno,Dickson,1975-04-26 22:01:38
Shelley,Pollard,1987-12-23 23:32:44
Baxter,Estrada,1968-02-22 13:21:44
Daryl,Olson,1961-04-20 13:07:34
Ainsley,Nieves,1962-06-19 19:43:18
Allen,Arnold,1970-09-05 03:12:44
Wade,Vargas,1969-05-22 06:31:20
Palmer,Pate,1985-07-04 11:59:38
Lysandra,Foster,1960-10-12 19:26:36
Hilary,Jordan,1958-02-18 01:43:44
Leah,Douglas,1985-07-02 01:26:30
Kim,Graham,1980-08-25 02:27:56
Ivor,Stein,1963-07-13 19:36:48
Yael,Nicholson,1990-11-13 22:06:23
Cynthia,Wilkinson,1952-11-08 03:58:56
Lavinia,Alvarez,1981-11-05 20:33:44
Raya,Harris,1968-10-15 12:39:30
Ivana,Bradshaw,1979-01-20 20:44:58
Stephanie,Rosario,1964-04-06 10:30:18
Deborah,Madden,1982-02-02 03:13:51
Anne,Moses,1985-10-30 01:54:25
Beverly,Dunn,1984-02-03 13:01:26
Dalton,Mcfadden,1961-11-24 15:17:53
Sasha,Erickson,1956-09-19 13:20:38
Teegan,Walker,1958-08-07 12:11:07
Amelia,Church,1990-08-04 17:44:28
Brenna,Cantrell,1953-10-23 02:28:51
Jackson,Montoya,1956-10-22 02:02:23
Blaze,Horton,1968-12-06 22:22:16
Amber,Workman,1972-10-21 04:17:23
Azalia,Bradshaw,1982-12-19 10:22:12
Zelenia,Henson,1982-07-03 03:28:39
Thomas,Mathews,1954-11-21 20:34:03
Kevyn,Whitney,1984-09-21 06:24:25
Marny,Leon,1984-06-10 21:32:09
Jarrod,Gay,1960-06-22 19:11:04
Chastity,Wyatt,1975-08-14 20:03:22
Remedios,Shannon,1967-10-19 08:11:09
Martina,Valenzuela,1989-11-11 01:03:54
Ulla,Mcdaniel,1956-05-18 21:36:07
Flavia,Chen,1976-01-24 05:26:08
Sydnee,Martinez,1979-01-22 22:51:57
Adara,Hodges,1954-12-13 15:14:18
Martin,Patrick,1965-08-08 08:37:14
Carla,Mejia,1983-09-26 12:58:00
Alea,Sellers,1957-05-15 20:53:43
Maite,Ellison,1989-11-20 15:49:39
Alan,Curtis,1972-10-21 20:27:50
Kiona,Donaldson,1990-01-25 07:52:54
Octavius,Hester,1990-07-19 06:33:08
Yvonne,Dudley,1977-12-19 13:42:10
Kieran,Vargas,1961-12-30 18:31:18
Selma,Lucas,1982-01-23 20:45:45
Burton,Barnett,1979-08-08 09:12:57
Kaitlin,Malone,1990-05-21 19:26:00
Madison,Blackwell,1966-10-16 08:01:05
Erich,Browning,1954-08-11 19:58:30
Joshua,Mills,1974-04-02 15:36:41
Eliana,Downs,1974-01-12 01:10:59
Giacomo,Saunders,1960-08-28 11:33:58
Donna,Carey,1958-12-14 09:04:20
Cedric,Pennington,1990-06-11 10:38:30
Xantha,Mckee,1958-09-10 01:35:26
Rhona,Strickland,1987-10-05 13:28:12
Beverly,Sharp,1987-05-26 08:24:25
Cailin,Kim,1975-03-29 20:03:20
Tanek,Graves,1967-10-17 00:33:51
Quinn,Guthrie,1963-02-23 05:06:59
Declan,Church,1963-11-16 20:47:05
Lysandra,Cunningham,1964-04-12 21:09:29
Allistair,Lawson,1963-04-10 08:24:36
Rylee,Haynes,1958-02-04 15:37:42
Neve,Myers,1951-02-14 21:46:20
Kevin,Deleon,1957-11-29 21:05:31
Wallace,Ochoa,1959-10-26 15:42:18
Patience,Dawson,1972-07-22 15:45:19
Carla,Burch,1963-03-12 03:30:27
Fallon,Mcintosh,1960-03-18 10:41:19
Stephen,Figueroa,1966-03-28 20:30:22
Katell,Sanders,1990-10-23 12:03:41
Tyler,Dillard,1957-02-09 04:30:56
Kessie,Waller,1975-03-14 08:05:32
Stewart,Mason,1982-10-25 13:20:57
Kitra,Pittman,1960-01-14 20:50:04
Ivor,Gordon,1953-11-12 15:03:03
Dane,Le,1956-09-26 04:48:59
Silas,Delaney,1950-12-24 19:40:51
Avram,Chambers,1989-01-21 18:19:17
Joan,Banks,1966-04-24 15:45:29
Kennan,Small,1986-08-20 13:24:58
Sebastian,Mcintyre,1960-05-25 13:13:42
Armand,Moon,1984-05-11 16:17:24
Edward,Ortega,1957-08-24 08:23:59
Donovan,Burris,1961-07-18 09:00:51
Aurora,Velez,1973-05-08 17:00:51
Cailin,Ferrell,1959-08-13 10:02:26
Cade,Thomas,1984-12-11 21:44:11
Shoshana,Le,1957-08-28 11:58:26
Maggy,Hartman,1955-08-26 12:26:50
Bradley,Talley,1965-12-11 15:08:12
Carlos,Gonzales,1963-12-10 17:43:02
Julian,Jensen,1982-10-18 09:25:43
Colby,Rogers,1990-08-28 13:02:58
Allegra,Neal,1988-07-01 04:45:41
Melinda,Quinn,1979-02-02 10:07:05
Wayne,Mendez,1983-01-20 16:51:30
Vivian,Massey,1980-06-17 20:14:24
Gary,Berger,1980-08-02 04:40:38
Seth,Jensen,1970-12-22 10:36:53
Noble,Reese,1959-11-25 21:09:18
Yeo,Byrd,1967-09-02 05:38:35
Ingrid,Leach,1954-04-08 19:40:11
Vaughan,Frazier,1972-08-27 14:23:30
Ima,Howe,1955-02-20 09:13:22
Kaitlin,Wall,1961-05-08 19:34:37
Nichole,Schmidt,1986-12-22 08:49:39
Lesley,Roy,1958-07-20 14:58:54
Tyler,Pierce,1969-03-06 01:37:51
Branden,Carver,1973-02-12 11:55:33
Kerry,Miranda,1961-01-07 13:47:56
Ariel,Cruz,1973-04-05 16:12:12
Thor,Sykes,1976-10-31 01:03:53
Quincy,Garza,1985-07-15 15:26:50
Whilemina,Cabrera,1978-04-10 12:36:17
Zia,Dean,1981-09-09 13:10:15
Quemby,Thompson,1958-11-12 15:39:21
Francis,Patton,1980-01-03 08:05:23
Janna,Moran,1960-06-17 14:14:31
Joelle,Craig,1981-02-19 13:01:55
Castor,Harrington,1985-04-26 23:04:04
Bell,Hunt,1951-11-17 15:34:39
Hall,Clarke,1987-01-29 20:34:20
Wade,Moore,1970-09-06 06:54:35
Jana,Bennett,1978-04-28 13:24:27
Winter,Beard,1963-02-17 10:14:24
Melanie,Willis,1966-08-08 02:57:33
Meghan,Graves,1950-12-23 05:10:24
Byron,Flores,1977-03-07 15:01:01
Shaeleigh,Schroeder,1978-12-26 07:18:26
Noelani,Woods,1981-12-26 04:03:25
Kristen,Humphrey,1954-11-13 19:34:57
Quon,Franklin,1988-04-05 05:08:30
Hedwig,Wiley,1977-09-08 09:55:37
Brock,Bishop,1957-11-25 18:08:02
Lisandra,Weiss,1979-10-13 10:55:22
Reed,Myers,1957-10-27 14:35:26
Rhonda,Kent,1979-11-23 06:12:00
Moana,Cote,1981-03-13 20:36:07
Isadora,Wilson,1980-08-13 00:05:04
Sonia,Ramsey,1972-06-20 12:58:06
Keegan,Warren,1966-01-10 07:26:51
Asher,Bailey,1988-07-17 19:54:19
Prescott,Holcomb,1976-12-21 21:05:39
Rafael,Watson,1964-02-10 08:11:02
Xenos,Dawson,1979-09-14 23:13:47
Xaviera,Avila,1965-07-07 07:53:44
Latifah,Vincent,1987-07-03 23:04:41
Amena,Harrison,1972-06-22 16:31:10
Tatiana,Vincent,1958-07-10 17:32:06
Jelani,Hansen,1964-12-09 11:46:04
Pascale,Blevins,1962-12-20 14:25:00
Zeph,Powell,1968-09-06 18:38:24
Laith,Guthrie,1961-02-08 03:54:16
Bevis,Skinner,1978-09-04 17:54:07
Jonah,Mullins,1955-09-30 08:53:09
Lynn,Middleton,1990-10-29 04:53:25
Tashya,Hanson,1960-08-16 15:36:59
Noelani,Bridges,1982-07-13 15:03:24
Bruno,Sherman,1985-02-18 21:18:07
Risa,Weiss,1975-05-29 04:57:07
Stacy,Wynn,1969-11-21 16:53:19
Justine,Cantrell,1951-07-01 12:36:51
Myra,Suarez,1960-10-23 01:28:50
Castor,Ball,1974-07-19 21:04:51
Bradley,Hurley,1985-11-13 06:45:48
Cameran,Rogers,1985-04-27 20:40:18
Helen,Woods,1987-08-29 01:16:02
Cooper,Edwards,1971-03-11 16:56:01
Alec,Finley,1980-02-08 06:03:12
Kylan,Adams,1970-06-05 04:24:52
Kelsey,Coffey,1970-03-30 06:52:47
Willa,Howard,1987-04-19 03:06:06
Shea,Fernandez,1990-08-29 00:59:55
Rinah,Christian,1958-09-28 22:49:18
Todd,Wolfe,1968-08-10 22:01:56
Nora,Wallace,1978-10-10 17:04:18
Lewis,Joseph,1964-06-29 14:27:32
Charles,Duffy,1961-09-06 08:41:54
Grady,Barlow,1978-03-28 04:39:14
Petra,Horne,1975-05-07 00:04:57
Wesley,Clements,1982-02-12 22:02:15
Arsenio,Frost,1979-09-23 23:47:41
Wylie,Whitley,1951-06-27 02:01:48
Kendall,Baird,1965-09-04 01:04:09
Jacob,Cannon,1954-07-26 04:15:06
Ciaran,Pierce,1972-04-05 02:59:34
Chester,Brock,1966-11-02 04:45:26
Lance,Collier,1989-03-13 08:43:45
Justin,Terrell,1962-10-21 03:51:38
Chancellor,Merrill,1983-08-02 02:09:50
Juliet,Conley,1955-01-30 21:06:33
Karyn,Humphrey,1985-01-24 10:05:14
Scarlett,Stuart,1956-11-14 17:47:28
Jakeem,Morrow,1958-03-21 08:22:01
Vivian,Harmon,1957-05-29 04:51:14
Jolie,Jimenez,1988-08-01 02:44:14
Nissim,Graham,1978-03-04 20:23:17
Ronan,Sweeney,1951-07-21 15:09:03
Ruth,Sellers,1967-07-13 08:07:04
Kyra,Dorsey,1952-11-28 06:20:33
Meghan,Wiley,1951-07-21 18:17:37
Martena,Baird,1986-09-26 13:33:45
Julie,Morgan,1972-02-02 03:09:11
Leslie,Mcdaniel,1974-07-31 14:52:34
Lucius,Wright,1965-05-23 22:09:24
Leilani,Blair,1964-03-02 07:00:07
Neve,Hyde,1966-03-21 10:15:10
Cheyenne,Scott,1966-10-31 16:14:09
Daquan,Sheppard,1979-07-02 17:06:04
Calista,Brown,1986-08-26 19:33:10
Phoebe,Paul,1975-05-27 16:57:14
Neve,Porter,1971-09-30 09:10:07
Geraldine,Burns,1979-12-06 09:59:13
Sophia,Ramsey,1964-06-14 11:38:45
Cedric,Miles,1966-11-07 11:15:04
Dorian,Murray,1969-09-24 12:54:33
Autumn,Patterson,1974-04-04 12:34:39
Maxwell,Miles,1972-03-25 09:17:26
Reese,Maynard,1987-04-07 13:55:34
Sybill,Powers,1953-02-09 13:37:24
Lawrence,Lawson,1964-06-30 02:35:35
Imogene,Lee,1966-10-19 17:53:44
Mira,Franks,1964-03-08 09:47:43
Silas,Dixon,1953-04-11 01:37:51
Paloma,Daniels,1962-06-14 17:01:02
Dillon,Kirby,1984-09-16 01:47:54
Jarrod,Morris,1974-12-21 00:36:17
Quintessa,Leon,1952-01-05 20:52:57
Lucas,Short,1973-07-09 11:31:02
Karly,Buck,1986-07-08 10:57:24
Jacqueline,Alexander,1983-09-25 08:52:44
Brock,Norris,1975-11-13 07:18:26
Jaden,Summers,1960-10-12 17:19:12
Buffy,Freeman,1976-01-20 02:22:50
Reed,Hardy,1986-12-05 12:09:16
Olivia,Riddle,1976-06-13 04:16:40
Aimee,Beck,1961-11-07 03:37:34
Iola,Prince,1960-02-01 19:43:27
Camilla,Copeland,1985-11-28 06:36:21
Gloria,Berg,1969-12-10 18:14:10
Rinah,Brennan,1955-03-03 01:42:06
Emery,Aguirre,1953-11-18 14:27:55
Desiree,Miller,1979-12-02 16:28:36
Pamela,Maxwell,1958-08-05 00:41:19
Odessa,Lambert,1951-12-21 19:52:53
Tanek,Workman,1958-07-04 09:27:16
Gareth,West,1986-01-29 16:13:50
Vielka,Browning,1988-07-28 10:27:27
September,Norton,1983-11-08 08:01:12
Lavinia,Olsen,1986-01-03 06:56:38
Stone,Higgins,1970-03-12 02:59:17
Lucas,Torres,1981-03-26 22:48:39
Yen,Cruz,1958-05-12 20:58:58
Nadine,Cannon,1977-03-18 07:53:51
Mikayla,Johnson,1957-01-27 14:57:23
Logan,Brewer,1974-11-13 10:55:02
Ella,Carson,1978-03-16 07:19:04
Zia,Gaines,1988-09-13 11:56:17
Mason,Mccray,1966-05-05 20:01:29
Jeanette,Gill,1970-01-01 07:30:51
Dana,Hickman,1987-05-16 03:14:33
Barrett,Erickson,1973-05-31 23:04:04
Leilani,Kelley,1978-10-31 05:41:47
Sade,Boyle,1962-09-12 20:31:15
Gillian,Sanchez,1969-11-13 05:41:54
Brynne,Gutierrez,1982-08-23 17:12:07
Clare,Potter,1959-01-20 20:08:00
Flavia,Hobbs,1956-01-22 10:01:00
Thaddeus,Osborn,1975-09-19 04:22:56
Herrod,Noble,1976-11-13 13:47:20
Brendan,Gibbs,1955-06-15 20:21:35
Ulla,Campbell,1965-09-11 09:28:38
Aiko,Mcguire,1974-12-20 18:12:59
Burton,Jordan,1982-09-02 23:53:52
Ashely,Morrow,1975-02-22 19:11:48
Chaim,Burnett,1971-04-12 16:32:12
Anika,Crawford,1956-12-30 10:56:50
Leandra,Lamb,1965-03-18 16:40:35
Nasim,Powell,1977-11-14 04:30:21
Tiger,Green,1965-12-12 08:45:16
Summer,Powers,1959-10-10 13:37:21
Kevyn,Pace,1952-10-16 00:24:31
Brady,Garrison,1984-08-21 08:38:58
Brian,Bolton,1967-10-07 07:11:46
Kalia,Kidd,1987-06-23 18:24:42
Carlos,Downs,1967-02-27 05:28:52
Driscoll,Combs,1969-12-06 12:14:56
Laith,Gordon,1959-06-13 01:12:34
Dale,Mcbride,1978-02-26 08:26:03
Hu,Everett,1956-10-31 18:22:08
Tyrone,Compton,1986-10-03 22:49:43
Tad,Castaneda,1963-04-25 10:49:29
Chaim,Hancock,1968-11-17 12:08:35
Sage,Wyatt,1979-12-30 15:55:49
Cruz,Stafford,1956-12-07 08:33:07
Nissim,Hancock,1985-02-11 22:13:18
Malcolm,Hatfield,1970-10-12 08:09:57
Sebastian,Shepherd,1984-05-26 15:04:01
Honorato,Allen,1986-08-14 10:18:13
Dorothy,Rose,1976-06-14 07:02:15
Quintessa,Lyons,1982-10-05 11:01:17
Deacon,Stein,1977-04-27 21:27:02
Ian,Franco,1965-07-19 01:33:00
Naida,Mayo,1959-07-29 03:34:27
Giacomo,Reed,1959-02-07 05:58:51
Raven,Thompson,1962-05-09 00:48:07
Myra,Martin,1975-11-29 12:33:52
Medge,Forbes,1986-11-29 18:48:58
Barry,Randall,1951-11-06 23:02:10
Alvin,Butler,1957-05-21 23:10:59
Aimee,Brooks,1978-04-09 19:52:44
Honorato,Nieves,1982-08-08 08:00:32
Avye,Kemp,1962-06-28 23:50:47
Dane,Boyer,1988-02-17 11:06:37
Susan,Glass,1972-04-01 05:00:29
Derek,Mitchell,1969-06-02 02:57:14
Angela,Parker,1972-09-23 15:03:43
Helen,Fuentes,1983-12-07 18:51:28
Dieter,Huff,1951-12-19 02:34:52
Chase,Oneil,1987-02-02 04:52:14
Simone,Bryant,1958-06-22 12:19:53
Ocean,Lane,1974-11-25 06:34:08
Harriet,Terrell,1977-05-05 10:43:18
Eleanor,Duffy,1983-04-02 09:46:20
Alika,Adkins,1983-02-02 15:11:40
Sigourney,Valencia,1961-06-22 21:12:42
Declan,Walsh,1970-12-06 18:14:56
Jacob,Miranda,1976-09-03 16:40:53
Keaton,Murphy,1970-08-08 14:41:32
Keegan,Harding,1974-12-05 09:40:11
Hedy,Huber,1954-01-26 11:10:12
Reece,Finch,1951-07-17 10:33:01
Yuli,Boyle,1964-02-09 10:38:34
Caesar,Pena,1958-03-02 14:30:43
Carol,Poole,1983-09-26 12:13:57
Lois,Hancock,1961-04-28 16:44:39
Marvin,Nunez,1980-06-15 16:16:13
Justina,Day,1966-09-28 11:09:06
Azalia,Buckley,1955-12-10 13:22:22
Devin,Kelley,1979-12-07 16:39:22
Rose,Nguyen,1958-11-23 06:29:55
Shafira,Dickson,1986-07-09 02:30:07
Aurora,Melton,1969-12-29 16:25:37
Timothy,Cunningham,1969-12-10 11:23:44
Winter,Graves,1954-05-29 00:36:53
Audra,Gray,1952-12-10 12:05:02
Keefe,Simpson,1963-08-13 21:38:05
Upton,Branch,1955-05-05 19:51:37
Naida,Zimmerman,1963-12-30 20:39:08
Brady,Rivera,1973-03-30 03:40:37
Eugenia,Knight,1971-10-22 13:09:49
MacKenzie,Clayton,1971-06-02 01:16:20
Clio,Dodson,1981-03-04 14:32:52
Whitney,Witt,1972-10-22 12:21:31
Phyllis,Stafford,1961-10-30 15:49:11
Robin,Chen,1973-04-29 10:39:16
Hasad,Mclaughlin,1961-07-02 17:27:14
Len,Fields,1962-01-16 04:12:14
Nelle,Hudson,1982-10-05 19:42:16
Jacqueline,Mathews,1955-01-01 23:51:20
Abigail,Erickson,1963-05-12 19:17:16
Hope,Hampton,1956-07-29 04:52:35
Adrian,Curtis,1984-11-14 01:32:39
Mufutau,Foley,1968-12-18 21:33:08
Keelie,Gentry,1959-07-13 03:17:36
Tatyana,Dunlap,1962-09-12 18:12:48
Yael,Reyes,1952-09-26 15:58:13
Tobias,Atkinson,1961-11-25 21:26:06
Scarlet,Greene,1972-08-19 07:24:50
Uriel,Navarro,1989-07-31 21:17:23
Amity,Wilder,1961-08-03 20:29:53
Jared,Hartman,1984-07-13 10:55:46
Isaac,Bailey,1970-08-13 02:27:25
Sonya,Sampson,1979-12-12 04:41:23
Rebekah,Weeks,1963-02-20 07:48:16
Reagan,Bowers,1967-02-03 20:51:00
Joshua,Head,1953-05-07 20:18:59
Brenda,Chang,1972-09-30 00:58:25
Steel,Burris,1983-09-08 19:25:53
Chandler,Herman,1957-03-02 05:19:39
Cameron,Little,1990-12-05 06:58:11
Halee,Copeland,1976-07-03 02:38:55
Connor,Cardenas,1985-12-09 13:11:35
Alana,Ratliff,1974-02-07 12:12:45
Maisie,Dunlap,1958-08-08 23:22:08
Rhonda,Vargas,1983-04-11 11:58:13
Connor,Richard,1983-06-06 06:08:28
Courtney,Chavez,1984-01-31 16:12:57
Holmes,Graham,1958-02-02 11:51:57
Vielka,Chandler,1982-02-18 17:50:27
Gail,Marks,1986-07-11 12:27:21
Cole,Valentine,1973-06-11 06:21:29
Kibo,Small,1974-10-21 05:44:24
Ashton,Short,1977-12-04 13:05:08
Stone,White,1980-05-23 02:01:23
Hilda,Vazquez,1987-11-10 20:25:27
Phoebe,Norris,1958-03-04 10:41:58
Aileen,Morin,1979-06-11 19:50:58
Luke,Chase,1974-09-10 11:47:55
Faith,Barry,1959-10-13 01:47:40
Myra,Bradshaw,1965-02-09 23:47:12
Julie,Herrera,1960-12-13 01:18:35
Selma,Bell,1962-08-08 16:03:18
Harlan,Strickland,1971-07-01 10:52:40
Kimberly,Marshall,1952-10-22 14:05:30
Amir,Myers,1978-01-25 07:43:42
Noelani,Ward,1990-08-23 05:58:53
Morgan,Castillo,1978-05-31 22:05:58
Caldwell,Noble,1968-07-14 04:40:47
Blaine,Perkins,1972-09-09 03:39:06
Mechelle,Delgado,1965-03-01 13:45:38
Tana,Barron,1975-10-26 07:42:45
Katelyn,Mosley,1965-07-16 18:18:55
Britanni,Monroe,1982-06-01 06:14:20
Knox,Medina,1980-08-28 20:42:10
Kathleen,Wheeler,1983-12-31 16:31:06
Shellie,Mccarty,1966-04-04 06:48:28
Kitra,Mckenzie,1971-02-09 19:54:17
Sheila,Harmon,1967-03-16 12:30:21
MacKensie,Underwood,1954-06-16 13:13:43
Indigo,Carter,1959-04-05 10:27:29
Raphael,Owens,1960-01-12 20:52:36